gene	rsid	pvalue	position
NLRP3	rs10157379	0.0000000000000000000000000000000000000000000000000000000000000000000000000000000000000000000000000000000000000000000000000000000000000000000000000000000000000000000000000000000032048	247442297
NLRP3	rs10733112	0.000000000000000000000000000000000000000000000000000000000000000000000000000000000000000000000000000000000000000000000000000000000000000000000000000000000000000000000000000000000000044091	247450586
NLRP3	rs10754559	0.00000000000000000000000000000000000000000000000000000000000000000000000000000000000000000000000000000000000000000000000000000000000000000000000000000000000000000000000000000000000000000000000000000001	247450019
NLRP3	rs10802502	0.00000000000000000000000000000000000000000000000000000000000000000000000000000000000000000000000000000000000000000000000000000000000000000000000000000000000000000000000000000000000000011224	247448993
NLRP3	rs10925027	0.00000000000000000000000000000000000000000000000000000000000000000000000000000000000000000000000000000000000000000000000000000000000000000000000000000000000000000000000000000000000000000000000000000001	247449260
NLRP3	rs11577509	0.00000000000000000000000000000000000000000000000000000000000000000000000000000000000000000000000000000000000000000000000000000000000000000000000000000000000000000000000000000000000000000000000022783	247448157
NLRP3	rs12143966	0.00000000000000000000000000000000000000000000000000000000000000000000000000000000000000000000000000000000000000000000000000000000000000000000000000000000000000000000000000000000000000000000000000000001	247438055
NLRP3	rs12239046	0.0000000000000000000000000000000000000000000000000000000000000000000000000000000000000000000000000000000000000000000000000000000000000000000000000000000000000000000000000000000000031178	247438293
NLRP3	rs4925546	0.0000000000000000000000000000000000000000000000000000000000000000000000000000000000000000000000000000000000000000000000000000000000000000000000000000000000000000000000000000000017244	247439666
NLRP3	rs4925659	0.00000000000000000000000000000000000000000000000000000000000000000000000000000000000000000000000000000000000000000000000000000000000000000000000000000000000000000000000000000000000000000000000000000001	247440161
NLRP3	rs4925663	0.00000000000000000000000000000000000000000000000000000000000000000000000000000000000000000000000000000000000000000000000000000000000000000000000000000000000000000000000000000000000000000000000000000001	247451315
NLRP3	rs55977159	0.0000000000000000000000000000000000000000000000000000000000000000000000000000000000000000000000000000000000000000000000000000000000000000000000000000000000000000000000000000011192	247446834
NLRP3	rs56188865	0.00000000000000000000000000000000000000000000000000000000000000000000000000000000000000000000000000000000000000000000000000000000000000000000000000000000000000000000000000000057493	247442974
NLRP3	rs56214009	0.0000000000000000000000000000000000000000000000000000000000000000000000000000000000000000000000000000000000000000000000000000000000000000000000000000000000000000000000000000013107	247446346
NLRP3	rs56383829	0.0000000000000000000000000000000000000000000000000000000000000000000000000000000000000000000000000000000000000000000000000000000000000000000000000000000000000000000000000000000000000014619	247447109
NLRP3	rs58546652	0.0000000000000000000000000000000000000000000000000000000000000000000000000000000000000000000000000000000000000000000000000000000000000000000000000000000000000000000000000000000012611	247438476
TLR4	rs10491851	0.00000000000000000000000000000000000000000000000000000000000000000000000000000000000000000000000000000000000000000000000000000000000000000000000000000000000000000000000000000000000000000000000000000001	117682247
TLR4	rs10759930	0.00000000000000000000000000000000000000000000000000000000000000000000000000000000000000000000000000000000000000000000000000000000000000000000000000000000000000000000000000000000000000000000000000000001	117699343
TLR4	rs10759931	0.00000000000000000000000000000000000000000000000000000000000000000000000000000000000000000000000000000000000000000000000000000000000000000000000000000000000000000000000000000000000000000000000000000001	117701869
TLR4	rs10983741	0.00000000000000000000000000000000000000000000000000000000000000000000000000000000000000000000000000000000000000000000000000000000000000000000000000000000000000000000000000000000000000000000000000000001	117665041
TLR4	rs11788318	0.00000000000000000000000000000000000000000000000000000000000000000000000000000000000000000000000000000000000000000000000000000000000000000000000000000000000000000000000000000000000000000000000000000001	117664230
TLR4	rs11789302	0.00000000000000000000000000000000000000000000000000000000000000000000000000000000000000000000000000000000000000000000000000000000000000000000000000000000000000000000000000000000000000000000000000000001	117697248
TLR4	rs12236328	0.00000000000000000000000000000000000000000000000000000000000000000000000000000000000000000000000000000000000000000000000000000000000000000000000000000000000000000000000000000000000000000000000000000001	117655370
TLR4	rs1329068	0.00000000000000000000000000000000000000000000000000000000000000000000000000000000000000000000000000000000000000000000000000000000000000000000000000000000000000000000000000000000000000000000000000000001	117661425
TLR4	rs13294726	0.00000000000000000000000000000000000000000000000000000000000000000000000000000000000000000000000000000000000000000000000000000000000000000000000000000000000000000000000000000000000000000000000000000001	117668219
TLR4	rs13296664	0.00000000000000000000000000000000000000000000000000000000000000000000000000000000000000000000000000000000000000000000000000000000000000000000000000000000000000000000000000000000000000000000000000000001	117684418
TLR4	rs2737191	0.00000000000000000000000000000000000000000000000000000000000000000000000000000000000000000000000000000000000000000000000000000000000000000000000000000000000000000000000000000000000000000000000000000001	117700437
TLR4	rs2770146	0.00000000000000000000000000000000000000000000000000000000000000000000000000000000000000000000000000000000000000000000000000000000000000000000000000000000000000000000000000000000000000000000000000000001	117711060
TLR4	rs2770150	0.00000000000000000000000000000000000000000000000000000000000000000000000000000000000000000000000000000000000000000000000000000000000000000000000000000000000000000000000000000000000000000000000000000001	117700861
TLR4	rs5030728	0.00000000000000000000000000000000000000000000000000000000000000000000000000000000000000000000000000000000000000000000000000000000000000000000000000000000000000000000000000000000000000000000000000000001	117712004
TLR4	rs7045301	0.00000000000000000000000000000000000000000000000000000000000000000000000000000000000000000000000000000000000000000000000000000000000000000000000000000000000000000000000000000000000000000000000000000001	117640955
TLR4	rs913930	0.00000000000000000000000000000000000000000000000000000000000000000000000000000000000000000000000000000000000000000000000000000000000000000000000000000000000000000000000000000000000000000000000000000001	117721731
TLR4	rs928052	0.00000000000000000000000000000000000000000000000000000000000000000000000000000000000000000000000000000000000000000000000000000000000000000000000000000000000000000000000000000000000000000000000000000001	117651934
STAT3	rs1053004	0.00000000000000000000000000000000000000000000000000000000000000010861	42314074
STAT3	rs12942547	0.0000000000000000000000000000000000000000000000000000000000079256	42375526
STAT3	rs12942611	0.000000000000000000000000000000000000000000000000000000000022778	42383166
STAT3	rs12949918	0.00000000000000000000000000000000000000000000000000000000000046105	42374255
STAT3	rs17885629	0.000000000000000000000000000000000000000000000000000000000000070626	42373080
STAT3	rs17886724	0.000000000000000000000000000000000000000000000000000000000087321	42344145
STAT3	rs35840966	0.000000000000000000000000000000000000000000000000000000000072805	42369186
STAT3	rs3816769	0.000000000000000000000000000000000000000000000000000000000017487	42346255
STAT3	rs62075772	0.000000000000000000000000000000000000000000000000000000000041755	42352232
STAT3	rs6503694	0.00000000000000000000000000000000000000000000000000000000000000022352	42299345
STAT3	rs7217655	0.000000000000000000000000000000000000000000000000000000000027881	42344006
STAT3	rs7219739	0.0000000000000000000000000000000000000000000000000000000000056552	42379743
STAT3	rs744166	0.000000000000000000000000000000000000000000000000000000000069118	42362183
STAT3	rs8068748	0.000000000000000000000000000000000000000000000000000000000060891	42380683
STAT3	rs8071537	0.000000000000000000000000000000000000000000000000000000000015345	42378877
STAT3	rs8076051	0.000000000000000000000000000000000000000000000000000000000089618	42353116
STAT3	rs957970	0.000000000000000000000000000000000000000000000000000000000019539	42367872
STAT3	rs9891119	0.000000000000000000000000000000000000000000000000000000000023304	42355962
STAT3	rs9895297	0.00000000000000000000000000000000000000000000000000000000010105	42260147
STAT3	rs9908237	0.00000000000000000000000000000000000000000000000000000000000000041755	42303672
HMOX1	rs133414	0.000000000000000000000000000000000000000000000000000000000000000000000000014136	35409727
HMOX1	rs133415	0.00000000000000000000000000000000000000000000000000000000000000000000000000000000000000000000000000000000000000000000000000000000000000000000000000000000000000000000000000000000000000000000000000000001	35410245
HMOX1	rs133417	0.000000000000000000000000000000000000000000000000000000000000000000000000010052	35410822
HMOX1	rs133428	0.00000000000000000000000000000000000000000000000000000000000000000000000000000000035338	35420161
HMOX1	rs133431	0.00000000000000000000000000000000000000000000000000000000000000000000000000000000014447	35421604
HMOX1	rs2071740	0.000000000000000000000000000000000000000000000000000000000000000000000000000000000000000000000000000000000000000000035439	35418222
HMOX1	rs2071743	0.0000000000000000000000000000000000000000000000000000000000000000000000000000000000000000000000000000000000000000000014709	35421264
HMOX1	rs2307344	0.00000000000000000000000000000000000000000000000000000000000000000000000000000000000028309	35412715
HMOX1	rs28448736	0.000000000000000000000000000000000000000000000000000000000000000000000000000000000000000000000029217	35457465
HMOX1	rs28796091	0.00000000000000000000000000000000000000000000000000000000000000000000047479	35466662
HMOX1	rs4645771	0.00000000000000000000000000000000000000000000000000000000000000000000000000000000000000000000000000000000000000000000000000000000000000000000000000000000000000000000000000000000000000000000000000000001	35408759
HMOX1	rs4645772	0.000000000000000000000000000000000000000000000000000000000000000000000042695	35408943
HMOX1	rs4645788	0.0000000000000000000000000000000000000000000000000000000000000000000000000000000000038288	35414548
HMOX1	rs4645827	0.000000000000000000000000000000000000000000000000000000000000000000000000000000000000000000000000000000000000000000001721	35424596
HMOX1	rs55790153	0.000000000000000000000000000000000000000000000000000000000000000000000000000000000000000000000000000000046642	35455045
HMOX1	rs67259090	0.0000000000000000000000000000000000000000000000000000000000000000000000000000000000000000000018416	35461067
