gene	rsid	pvalue	position	keep	lead_rsid	r2
HMOX1	rs133415	0.00000000000000000000000000000000000000000000000000000000000000000000000000000000000000000000000000000000000000000000000000000000000000000000000000000000000000000000000000000000000000000000000000000001	35410245	TRUE	rs133415	1
HMOX1	rs4645771	0.00000000000000000000000000000000000000000000000000000000000000000000000000000000000000000000000000000000000000000000000000000000000000000000000000000000000000000000000000000000000000000000000000000001	35408759	FALSE	rs133415	0.983155
HMOX1	rs2071743	0.0000000000000000000000000000000000000000000000000000000000000000000000000000000000000000000000000000000000000000000014709	35421264	FALSE	rs133415	0.65243
HMOX1	rs4645827	0.000000000000000000000000000000000000000000000000000000000000000000000000000000000000000000000000000000000000000000001721	35424596	FALSE	rs133415	0.65243
HMOX1	rs2071740	0.000000000000000000000000000000000000000000000000000000000000000000000000000000000000000000000000000000000000000000035439	35418222	FALSE	rs133415	0.634917
HMOX1	rs55790153	0.000000000000000000000000000000000000000000000000000000000000000000000000000000000000000000000000000000046642	35455045	FALSE	rs133415	0.602667
HMOX1	rs28448736	0.000000000000000000000000000000000000000000000000000000000000000000000000000000000000000000000029217	35457465	FALSE	rs133415	0.571106
HMOX1	rs67259090	0.0000000000000000000000000000000000000000000000000000000000000000000000000000000000000000000018416	35461067	FALSE	rs133415	0.586575
HMOX1	rs2307344	0.00000000000000000000000000000000000000000000000000000000000000000000000000000000000028309	35412715	FALSE	rs133415	0.503633
HMOX1	rs4645788	0.0000000000000000000000000000000000000000000000000000000000000000000000000000000000038288	35414548	FALSE	rs133415	0.510987
HMOX1	rs133431	0.00000000000000000000000000000000000000000000000000000000000000000000000000000000014447	35421604	FALSE	rs133415	0.174128
HMOX1	rs133428	0.00000000000000000000000000000000000000000000000000000000000000000000000000000000035338	35420161	FALSE	rs133415	0.174128
HMOX1	rs133417	0.000000000000000000000000000000000000000000000000000000000000000000000000010052	35410822	FALSE	rs133415	0.276353
HMOX1	rs133414	0.000000000000000000000000000000000000000000000000000000000000000000000000014136	35409727	FALSE	rs133415	0.262649
HMOX1	rs4645772	0.000000000000000000000000000000000000000000000000000000000000000000000042695	35408943	FALSE	rs133415	0.262649
HMOX1	rs28796091	0.00000000000000000000000000000000000000000000000000000000000000000000047479	35466662	FALSE	rs133415	0.513081
NLRP3	rs10754559	0.00000000000000000000000000000000000000000000000000000000000000000000000000000000000000000000000000000000000000000000000000000000000000000000000000000000000000000000000000000000000000000000000000000001	247450019	TRUE	rs10754559	1
NLRP3	rs10925027	0.00000000000000000000000000000000000000000000000000000000000000000000000000000000000000000000000000000000000000000000000000000000000000000000000000000000000000000000000000000000000000000000000000000001	247449260	FALSE	rs10754559	0.856584
NLRP3	rs12143966	0.00000000000000000000000000000000000000000000000000000000000000000000000000000000000000000000000000000000000000000000000000000000000000000000000000000000000000000000000000000000000000000000000000000001	247438055	FALSE	rs10754559	0.817587
NLRP3	rs4925659	0.00000000000000000000000000000000000000000000000000000000000000000000000000000000000000000000000000000000000000000000000000000000000000000000000000000000000000000000000000000000000000000000000000000001	247440161	FALSE	rs10754559	0.814087
NLRP3	rs4925663	0.00000000000000000000000000000000000000000000000000000000000000000000000000000000000000000000000000000000000000000000000000000000000000000000000000000000000000000000000000000000000000000000000000000001	247451315	FALSE	rs10754559	0.807867
NLRP3	rs11577509	0.00000000000000000000000000000000000000000000000000000000000000000000000000000000000000000000000000000000000000000000000000000000000000000000000000000000000000000000000000000000000000000000000022783	247448157	FALSE	rs10754559	0.088314
NLRP3	rs10802502	0.00000000000000000000000000000000000000000000000000000000000000000000000000000000000000000000000000000000000000000000000000000000000000000000000000000000000000000000000000000000000000011224	247448993	FALSE	rs10754559	0.834703
NLRP3	rs56383829	0.0000000000000000000000000000000000000000000000000000000000000000000000000000000000000000000000000000000000000000000000000000000000000000000000000000000000000000000000000000000000000014619	247447109	FALSE	rs10754559	0.811497
NLRP3	rs10733112	0.000000000000000000000000000000000000000000000000000000000000000000000000000000000000000000000000000000000000000000000000000000000000000000000000000000000000000000000000000000000000044091	247450586	FALSE	rs10754559	0.908835
NLRP3	rs12239046	0.0000000000000000000000000000000000000000000000000000000000000000000000000000000000000000000000000000000000000000000000000000000000000000000000000000000000000000000000000000000000031178	247438293	FALSE	rs10754559	0.241577
NLRP3	rs58546652	0.0000000000000000000000000000000000000000000000000000000000000000000000000000000000000000000000000000000000000000000000000000000000000000000000000000000000000000000000000000000012611	247438476	FALSE	rs10754559	0.241577
NLRP3	rs4925546	0.0000000000000000000000000000000000000000000000000000000000000000000000000000000000000000000000000000000000000000000000000000000000000000000000000000000000000000000000000000000017244	247439666	FALSE	rs10754559	0.239653
NLRP3	rs10157379	0.0000000000000000000000000000000000000000000000000000000000000000000000000000000000000000000000000000000000000000000000000000000000000000000000000000000000000000000000000000000032048	247442297	FALSE	rs10754559	0.237432
NLRP3	rs56188865	0.00000000000000000000000000000000000000000000000000000000000000000000000000000000000000000000000000000000000000000000000000000000000000000000000000000000000000000000000000000057493	247442974	FALSE	rs10754559	0.236259
NLRP3	rs55977159	0.0000000000000000000000000000000000000000000000000000000000000000000000000000000000000000000000000000000000000000000000000000000000000000000000000000000000000000000000000000011192	247446834	FALSE	rs10754559	0.07633
NLRP3	rs56214009	0.0000000000000000000000000000000000000000000000000000000000000000000000000000000000000000000000000000000000000000000000000000000000000000000000000000000000000000000000000000013107	247446346	FALSE	rs10754559	0.07633
STAT3	rs1053004	0.00000000000000000000000000000000000000000000000000000000000000010861	42314074	TRUE	rs1053004	1
STAT3	rs6503694	0.00000000000000000000000000000000000000000000000000000000000000022352	42299345	FALSE	rs1053004	0.712259
STAT3	rs9908237	0.00000000000000000000000000000000000000000000000000000000000000041755	42303672	FALSE	rs1053004	0.726096
STAT3	rs17885629	0.000000000000000000000000000000000000000000000000000000000000070626	42373080	FALSE	rs1053004	0.472565
STAT3	rs12949918	0.00000000000000000000000000000000000000000000000000000000000046105	42374255	FALSE	rs1053004	0.469634
STAT3	rs7219739	0.0000000000000000000000000000000000000000000000000000000000056552	42379743	FALSE	rs1053004	0.618215
STAT3	rs12942547	0.0000000000000000000000000000000000000000000000000000000000079256	42375526	FALSE	rs1053004	0.487532
STAT3	rs8071537	0.000000000000000000000000000000000000000000000000000000000015345	42378877	FALSE	rs1053004	0.625621
STAT3	rs3816769	0.000000000000000000000000000000000000000000000000000000000017487	42346255	FALSE	rs1053004	0.629308
STAT3	rs957970	0.000000000000000000000000000000000000000000000000000000000019539	42367872	FALSE	rs1053004	0.640532
STAT3	rs12942611	0.000000000000000000000000000000000000000000000000000000000022778	42383166	FALSE	rs1053004	0.625621
STAT3	rs9891119	0.000000000000000000000000000000000000000000000000000000000023304	42355962	FALSE	rs1053004	0.644271
STAT3	rs7217655	0.000000000000000000000000000000000000000000000000000000000027881	42344006	FALSE	rs1053004	0.629308
STAT3	rs62075772	0.000000000000000000000000000000000000000000000000000000000041755	42352232	FALSE	rs1053004	0.629308
STAT3	rs8068748	0.000000000000000000000000000000000000000000000000000000000060891	42380683	FALSE	rs1053004	0.640532
STAT3	rs744166	0.000000000000000000000000000000000000000000000000000000000069118	42362183	FALSE	rs1053004	0.487532
STAT3	rs35840966	0.000000000000000000000000000000000000000000000000000000000072805	42369186	FALSE	rs1053004	0.640532
STAT3	rs17886724	0.000000000000000000000000000000000000000000000000000000000087321	42344145	FALSE	rs1053004	0.629308
STAT3	rs8076051	0.000000000000000000000000000000000000000000000000000000000089618	42353116	FALSE	rs1053004	0.629308
STAT3	rs9895297	0.00000000000000000000000000000000000000000000000000000000010105	42260147	FALSE	rs1053004	0.644383
TLR4	rs10491851	0.00000000000000000000000000000000000000000000000000000000000000000000000000000000000000000000000000000000000000000000000000000000000000000000000000000000000000000000000000000000000000000000000000000001	117682247	TRUE	rs10491851	1
TLR4	rs10759930	0.00000000000000000000000000000000000000000000000000000000000000000000000000000000000000000000000000000000000000000000000000000000000000000000000000000000000000000000000000000000000000000000000000000001	117699343	FALSE	rs10491851	0.23071
TLR4	rs10759931	0.00000000000000000000000000000000000000000000000000000000000000000000000000000000000000000000000000000000000000000000000000000000000000000000000000000000000000000000000000000000000000000000000000000001	117701869	FALSE	rs10491851	0.23071
TLR4	rs10983741	0.00000000000000000000000000000000000000000000000000000000000000000000000000000000000000000000000000000000000000000000000000000000000000000000000000000000000000000000000000000000000000000000000000000001	117665041	FALSE	rs10491851	0.324166
TLR4	rs11788318	0.00000000000000000000000000000000000000000000000000000000000000000000000000000000000000000000000000000000000000000000000000000000000000000000000000000000000000000000000000000000000000000000000000000001	117664230	FALSE	rs10491851	0.322879
TLR4	rs11789302	0.00000000000000000000000000000000000000000000000000000000000000000000000000000000000000000000000000000000000000000000000000000000000000000000000000000000000000000000000000000000000000000000000000000001	117697248	FALSE	rs10491851	0.963209
TLR4	rs12236328	0.00000000000000000000000000000000000000000000000000000000000000000000000000000000000000000000000000000000000000000000000000000000000000000000000000000000000000000000000000000000000000000000000000000001	117655370	FALSE	rs10491851	0.322879
TLR4	rs1329068	0.00000000000000000000000000000000000000000000000000000000000000000000000000000000000000000000000000000000000000000000000000000000000000000000000000000000000000000000000000000000000000000000000000000001	117661425	FALSE	rs10491851	0.322879
TLR4	rs13294726	0.00000000000000000000000000000000000000000000000000000000000000000000000000000000000000000000000000000000000000000000000000000000000000000000000000000000000000000000000000000000000000000000000000000001	117668219	FALSE	rs10491851	0.321596
TLR4	rs13296664	0.00000000000000000000000000000000000000000000000000000000000000000000000000000000000000000000000000000000000000000000000000000000000000000000000000000000000000000000000000000000000000000000000000000001	117684418	FALSE	rs10491851	1.0
TLR4	rs2737191	0.00000000000000000000000000000000000000000000000000000000000000000000000000000000000000000000000000000000000000000000000000000000000000000000000000000000000000000000000000000000000000000000000000000001	117700437	FALSE	rs10491851	0.963209
TLR4	rs2770146	0.00000000000000000000000000000000000000000000000000000000000000000000000000000000000000000000000000000000000000000000000000000000000000000000000000000000000000000000000000000000000000000000000000000001	117711060	FALSE	rs10491851	0.86242
TLR4	rs2770150	0.00000000000000000000000000000000000000000000000000000000000000000000000000000000000000000000000000000000000000000000000000000000000000000000000000000000000000000000000000000000000000000000000000000001	117700861	FALSE	rs10491851	0.963209
TLR4	rs5030728	0.00000000000000000000000000000000000000000000000000000000000000000000000000000000000000000000000000000000000000000000000000000000000000000000000000000000000000000000000000000000000000000000000000000001	117712004	FALSE	rs10491851	0.86242
TLR4	rs7045301	0.00000000000000000000000000000000000000000000000000000000000000000000000000000000000000000000000000000000000000000000000000000000000000000000000000000000000000000000000000000000000000000000000000000001	117640955	FALSE	rs10491851	0.484643
TLR4	rs913930	0.00000000000000000000000000000000000000000000000000000000000000000000000000000000000000000000000000000000000000000000000000000000000000000000000000000000000000000000000000000000000000000000000000000001	117721731	FALSE	rs10491851	0.606955
TLR4	rs928052	0.00000000000000000000000000000000000000000000000000000000000000000000000000000000000000000000000000000000000000000000000000000000000000000000000000000000000000000000000000000000000000000000000000000001	117651934	FALSE	rs10491851	0.32288
